[
  {
        "key": "AK",
        "latitude": 61.3850,
        "longitude": -152.2683,
        "name": "Alaska"
  },
  {
        "key": "AL",
        "latitude": 32.7990,
        "longitude": -86.8073,
        "name": "Alabama"
  },
  {
        "key": "AR",
        "latitude": 34.9513,
        "longitude": -92.3809,
        "name": "Arkansas"
  },
  {
        "key": "AS",
        "latitude": 14.2417,
        "longitude": -170.7197,
        "name": "American Samoa"
  },
  {
        "key": "AZ",
        "latitude": 33.7712,
        "longitude": -111.3877,
        "name": "Arizona"
  },
  {
        "key": "CA",
        "latitude": 36.1700,
        "longitude": -119.7462,
        "name": "California"
  },
  {
        "key": "CO",
        "latitude": 39.0646,
        "longitude": -105.3272,
        "name": "Colorado"
  },
  {
        "key": "CT",
        "latitude": 41.5834,
        "longitude": -72.7622,
        "name": "Connecticut"
  },
  {
        "key": "DC",
        "latitude": 38.8964,
        "longitude": -77.0262,
        "name": "Washington DC"
  },
  {
        "key": "DE",
        "latitude": 39.3498,
        "longitude": -75.5148,
        "name": "Delaware"
  },
  {
        "key": "FL",
        "latitude": 27.8333,
        "longitude": -81.7170,
        "name": "Florida"
  },
  {
        "key": "GA",
        "latitude": 32.9866,
        "longitude": -83.6487,
        "name": "Georgia"
  },
  {
        "key": "HI",
        "latitude": 21.1098,
        "longitude": -157.5311,
        "name": "Hawaii"
  },
  {
        "key": "IA",
        "latitude": 42.0046,
        "longitude": -93.2140,
        "name": "Iowa"
  },
  {
        "key": "ID",
        "latitude": 44.2394,
        "longitude": -114.5103,
        "name": "Idaho"
  },
  {
        "key": "IL",
        "latitude": 40.3363,
        "longitude": -89.0022,
        "name": "Illinois"
  },
  {
        "key": "IN",
        "latitude": 39.8647,
        "longitude": -86.2604,
        "name": "Indiana"
  },
  {
        "key": "KS",
        "latitude": 38.5111,
        "longitude": -96.8005,
        "name": "Kansas"
  },
  {
        "key": "KY",
        "latitude": 37.6690,
        "longitude": -84.6514,
        "name": "Kentucky"
  },
  {
        "key": "LA",
        "latitude": 31.1801,
        "longitude": -91.8749,
        "name": "Louisiana"
  },
  {
        "key": "MA",
        "latitude": 42.2373,
        "longitude": -71.5314,
        "name": "Massachusetts"
  },
  {
        "key": "MD",
        "latitude": 39.0724,
        "longitude": -76.7902,
        "name": "Maryland"
  },
  {
        "key": "ME",
        "latitude": 44.6074,
        "longitude": -69.3977,
        "name": "Maine"
  },
  {
        "key": "MI",
        "latitude": 43.3504,
        "longitude": -84.5603,
        "name": "Michigan"
  },
  {
        "key": "MN",
        "latitude": 45.7326,
        "longitude": -93.9196,
        "name": "Minnesota"
  },
  {
        "key": "MO",
        "latitude": 38.4623,
        "longitude": -92.3020,
        "name": "Missouri"
  },
  {
        "key": "MP",
        "latitude": 14.8058,
        "longitude": 145.5505,
        "name": "Northern Mariana Islands"
  },
  {
        "key": "MS",
        "latitude": 32.7673,
        "longitude": -89.6812,
        "name": "Mississippi"
  },
  {
        "key": "MT",
        "latitude": 46.9048,
        "longitude": -110.3261,
        "name": "Montana"
  },
  {
        "key": "NC",
        "latitude": 35.6411,
        "longitude": -79.8431,
        "name": "North Carolina"
  },
  {
        "key": "ND",
        "latitude": 47.5362,
        "longitude": -99.7930,
        "name": "North Dakota"
  },
  {
        "key": "NE",
        "latitude": 41.1289,
        "longitude": -98.2883,
        "name": "Nebraska"
  },
  {
        "key": "NH",
        "latitude": 43.4108,
        "longitude": -71.5653,
        "name": "New Hampshire"
  },
  {
        "key": "NJ",
        "latitude": 40.3140,
        "longitude": -74.5089,
        "name": "New Jersey"
  },
  {
        "key": "NM",
        "latitude": 34.8375,
        "longitude": -106.2371,
        "name": "New Mexico"
  },
  {
        "key": "NV",
        "latitude": 38.4199,
        "longitude": -117.1219,
        "name": "Nevada"
  },
  {
        "key": "NY",
        "latitude": 42.1497,
        "longitude": -74.9384,
        "name": "New York"
  },
  {
        "key": "OH",
        "latitude": 40.3736,
        "longitude": -82.7755,
        "name": "Ohio"
  },
  {
        "key": "OK",
        "latitude": 35.5376,
        "longitude": -96.9247,
        "name": "Oklahoma"
  },
  {
        "key": "OR",
        "latitude": 44.5672,
        "longitude": -122.1269,
        "name": "Oregon"
  },
  {
        "key": "PA",
        "latitude": 40.5773,
        "longitude": -77.2640,
        "name": "Pennsylvania"
  },
  {
        "key": "PR",
        "latitude": 18.2766,
        "longitude": -66.3350,
        "name": "Puerto Rico"
  },
  {
        "key": "RI",
        "latitude": 41.6772,
        "longitude": -71.5101,
        "name": "Rhode Island"
  },
  {
        "key": "SC",
        "latitude": 33.8191,
        "longitude": -80.9066,
        "name": "South Carolina"
  },
  {
        "key": "SD",
        "latitude": 44.2853,
        "longitude": -99.4632,
        "name": "South Dakota"
  },
  {
        "key": "TN",
        "latitude": 35.7449,
        "longitude": -86.7489,
        "name": "Tennessee"
  },
  {
        "key": "TX",
        "latitude": 31.1060,
        "longitude": -97.6475,
        "name": "Texas"
  },
  {
        "key": "UT",
        "latitude": 40.1135,
        "longitude": -111.8535,
        "name": "Utah"
  },
  {
        "key": "VA",
        "latitude": 37.7680,
        "longitude": -78.2057,
        "name": "Virginia"
  },
  {
        "key": "VI",
        "latitude": 18.0001,
        "longitude": -64.8199,
        "name": "U.S. Virgin Islands"
  },
  {
        "key": "VT",
        "latitude": 44.0407,
        "longitude": -72.7093,
        "name": "Vermont"
  },
  {
        "key": "WA",
        "latitude": 47.3917,
        "longitude": -121.5708,
        "name": "Washington"
  },
  {
        "key": "WI",
        "latitude": 44.2563,
        "longitude": -89.6385,
        "name": "Wisconsin"
  },
  {
        "key": "WV",
        "latitude": 38.4680,
        "longitude": -80.9696,
        "name": "West Virginia"
  },
  {
        "key": "WY",
        "latitude": 42.7475,
        "longitude": -107.2085,
        "name": "Wyoming"
  }
]
